{
  "version": "v5",
  "trained_at": "2026-03-05T10:04:48.032520",
  "feature_importance": {
    "count": 0.007935857400298119,
    "max_magnitude": 0.03228744864463806,
    "mean_magnitude": 0.0062922085635364056,
    "std_magnitude": 0.004381126724183559,
    "min_distance": 0.003295997390523553,
    "mean_distance": 0.003050195286050439,
    "mean_depth": 0.006432478316128254,
    "mean_interval": 0.011133291758596897,
    "min_interval": 0.04476768523454666,
    "mag_above_4": 0.0228120144456625,
    "mag_above_5": 0.005004845559597015,
    "within_50km": 0.014000236056745052,
    "within_100km": 0.029811164364218712,
    "nearest_fault_distance": 0.07686976343393326,
    "activity_density": 0.026693575084209442,
    "magnitude_distance_ratio": 0.023284289985895157,
    "magnitude_trend": 0.002501602051779628,
    "neighbor_activity": 0.005273538641631603,
    "cluster_count": 0.0008096382371149957,
    "in_cluster": 0.0,
    "nearest_cluster_distance": 0.0042098332196474075,
    "cluster_density": 0.004414570052176714,
    "max_cluster_size": 0.003337136236950755,
    "nearest_cluster_max_mag": 0.005594290792942047,
    "etas_score": 0.17809605598449707,
    "etas_max_influence": 0.2224193811416626,
    "etas_event_count": 0.0034796791151165962,
    "omori_decay": 0.23155319690704346,
    "time_decay": 0.0025967760011553764,
    "mag_weighted_omori": 0.017662178725004196
  },
  "metrics": {
    "accuracy": 0.9414,
    "f1_score": 0.9367,
    "mse": 0.4026,
    "samples_train": 94880,
    "samples_test": 23720
  }
}