{
  "version": "v4",
  "trained_at": "2026-03-05T09:46:32.627915",
  "feature_importance": {
    "count": 0.0092805540189147,
    "max_magnitude": 0.02672409825026989,
    "mean_magnitude": 0.006411947775632143,
    "std_magnitude": 0.0047584292478859425,
    "min_distance": 0.0024439776316285133,
    "mean_distance": 0.0021414998918771744,
    "mean_depth": 0.004933388903737068,
    "mean_interval": 0.010314485989511013,
    "min_interval": 0.0062950788997113705,
    "mag_above_4": 0.00840757880359888,
    "mag_above_5": 0.07276059687137604,
    "within_50km": 0.005987192038446665,
    "within_100km": 0.016973920166492462,
    "nearest_fault_distance": 0.0499117411673069,
    "activity_density": 0.028470486402511597,
    "magnitude_distance_ratio": 0.5395883917808533,
    "magnitude_trend": 0.0031333244405686855,
    "neighbor_activity": 0.0030692077707499266,
    "cluster_count": 0.0009633108857087791,
    "in_cluster": 0.0,
    "nearest_cluster_distance": 0.004329906776547432,
    "cluster_density": 0.0028141678776592016,
    "max_cluster_size": 0.00563971558585763,
    "nearest_cluster_max_mag": 0.005051425192505121,
    "omori_decay": 0.1555156707763672,
    "time_decay": 0.005201148334890604,
    "mag_weighted_omori": 0.018878750503063202
  },
  "metrics": {
    "accuracy": 0.9325,
    "f1_score": 0.925,
    "mse": 0.4621,
    "samples_train": 94880,
    "samples_test": 23720
  }
}